game_episode,end_x,end_y
153363_1,50.0,50.0
153363_2,50.0,50.0
153363_6,50.0,50.0
153363_7,50.0,50.0
153363_8,50.0,50.0
153363_9,50.0,50.0
153363_10,50.0,50.0
153363_12,50.0,50.0
153363_13,50.0,50.0
153363_15,50.0,50.0
153363_16,50.0,50.0
153363_17,50.0,50.0
153363_18,50.0,50.0
153363_19,50.0,50.0
153363_20,50.0,50.0
153363_21,50.0,50.0
153363_22,50.0,50.0
153363_23,50.0,50.0
153363_24,50.0,50.0
153363_26,50.0,50.0
153363_27,50.0,50.0
153363_28,50.0,50.0
153363_29,50.0,50.0
153363_30,50.0,50.0
153363_31,50.0,50.0
153363_32,50.0,50.0
153363_33,50.0,50.0
153363_34,50.0,50.0
153363_35,50.0,50.0
153363_36,50.0,50.0
153363_37,50.0,50.0
153363_38,50.0,50.0
153363_41,50.0,50.0
153363_43,50.0,50.0
153363_44,50.0,50.0
153363_47,50.0,50.0
153363_48,50.0,50.0
153363_49,50.0,50.0
153363_50,50.0,50.0
153363_51,50.0,50.0
153363_52,50.0,50.0
153363_53,50.0,50.0
153363_54,50.0,50.0
153363_56,50.0,50.0
153363_57,50.0,50.0
153363_58,50.0,50.0
153363_59,50.0,50.0
153363_60,50.0,50.0
153363_61,50.0,50.0
153363_62,50.0,50.0
153363_64,50.0,50.0
153363_65,50.0,50.0
153363_66,50.0,50.0
153363_67,50.0,50.0
153363_68,50.0,50.0
153363_69,50.0,50.0
153363_70,50.0,50.0
153363_71,50.0,50.0
153363_72,50.0,50.0
153363_73,50.0,50.0
153363_74,50.0,50.0
153363_75,50.0,50.0
153363_76,50.0,50.0
153363_77,50.0,50.0
153363_79,50.0,50.0
153363_80,50.0,50.0
153363_81,50.0,50.0
153363_82,50.0,50.0
153363_83,50.0,50.0
153363_84,50.0,50.0
153363_85,50.0,50.0
153363_86,50.0,50.0
153364_1,50.0,50.0
153364_2,50.0,50.0
153364_3,50.0,50.0
153364_4,50.0,50.0
153364_5,50.0,50.0
153364_6,50.0,50.0
153364_7,50.0,50.0
153364_8,50.0,50.0
153364_9,50.0,50.0
153364_10,50.0,50.0
153364_11,50.0,50.0
153364_12,50.0,50.0
153364_14,50.0,50.0
153364_15,50.0,50.0
153364_16,50.0,50.0
153364_17,50.0,50.0
153364_18,50.0,50.0
153364_19,50.0,50.0
153364_20,50.0,50.0
153364_21,50.0,50.0
153364_22,50.0,50.0
153364_23,50.0,50.0
153364_24,50.0,50.0
153364_25,50.0,50.0
153364_26,50.0,50.0
153364_27,50.0,50.0
153364_28,50.0,50.0
153364_29,50.0,50.0
153364_30,50.0,50.0
153364_31,50.0,50.0
153364_32,50.0,50.0
153364_33,50.0,50.0
153364_34,50.0,50.0
153364_36,50.0,50.0
153364_37,50.0,50.0
153364_38,50.0,50.0
153364_39,50.0,50.0
153364_40,50.0,50.0
153364_41,50.0,50.0
153364_42,50.0,50.0
153364_43,50.0,50.0
153364_44,50.0,50.0
153364_45,50.0,50.0
153364_46,50.0,50.0
153364_47,50.0,50.0
153364_48,50.0,50.0
153364_49,50.0,50.0
153364_50,50.0,50.0
153364_52,50.0,50.0
153364_53,50.0,50.0
153364_54,50.0,50.0
153364_55,50.0,50.0
153364_56,50.0,50.0
153364_57,50.0,50.0
153364_58,50.0,50.0
153364_59,50.0,50.0
153364_61,50.0,50.0
153364_62,50.0,50.0
153364_63,50.0,50.0
153364_65,50.0,50.0
153364_66,50.0,50.0
153364_67,50.0,50.0
153364_68,50.0,50.0
153364_69,50.0,50.0
153364_70,50.0,50.0
153364_71,50.0,50.0
153364_73,50.0,50.0
153364_74,50.0,50.0
153364_75,50.0,50.0
153364_76,50.0,50.0
153364_78,50.0,50.0
153364_79,50.0,50.0
153364_80,50.0,50.0
153364_81,50.0,50.0
153364_82,50.0,50.0
153364_84,50.0,50.0
153364_85,50.0,50.0
153364_86,50.0,50.0
153365_1,50.0,50.0
153365_2,50.0,50.0
153365_3,50.0,50.0
153365_4,50.0,50.0
153365_5,50.0,50.0
153365_6,50.0,50.0
153365_7,50.0,50.0
153365_8,50.0,50.0
153365_9,50.0,50.0
153365_10,50.0,50.0
153365_11,50.0,50.0
153365_12,50.0,50.0
153365_13,50.0,50.0
153365_14,50.0,50.0
153365_15,50.0,50.0
153365_16,50.0,50.0
153365_17,50.0,50.0
153365_20,50.0,50.0
153365_21,50.0,50.0
153365_23,50.0,50.0
153365_24,50.0,50.0
153365_25,50.0,50.0
153365_26,50.0,50.0
153365_28,50.0,50.0
153365_29,50.0,50.0
153365_30,50.0,50.0
153365_31,50.0,50.0
153365_32,50.0,50.0
153365_33,50.0,50.0
153365_34,50.0,50.0
153365_35,50.0,50.0
153365_36,50.0,50.0
153365_37,50.0,50.0
153365_38,50.0,50.0
153365_39,50.0,50.0
153365_40,50.0,50.0
153365_41,50.0,50.0
153365_42,50.0,50.0
153365_43,50.0,50.0
153365_44,50.0,50.0
153365_45,50.0,50.0
153365_46,50.0,50.0
153365_47,50.0,50.0
153365_48,50.0,50.0
153365_49,50.0,50.0
153365_50,50.0,50.0
153365_51,50.0,50.0
153365_53,50.0,50.0
153365_54,50.0,50.0
153365_55,50.0,50.0
153365_56,50.0,50.0
153365_57,50.0,50.0
153365_58,50.0,50.0
153365_59,50.0,50.0
153365_60,50.0,50.0
153365_61,50.0,50.0
153365_62,50.0,50.0
153365_64,50.0,50.0
153365_65,50.0,50.0
153365_66,50.0,50.0
153365_68,50.0,50.0
153365_69,50.0,50.0
153365_70,50.0,50.0
153365_71,50.0,50.0
153365_72,50.0,50.0
153365_73,50.0,50.0
153365_74,50.0,50.0
153365_75,50.0,50.0
153365_76,50.0,50.0
153365_77,50.0,50.0
153365_79,50.0,50.0
153365_80,50.0,50.0
153365_82,50.0,50.0
153365_83,50.0,50.0
153365_84,50.0,50.0
153365_85,50.0,50.0
153365_86,50.0,50.0
153365_89,50.0,50.0
153365_90,50.0,50.0
153365_91,50.0,50.0
153365_92,50.0,50.0
153365_93,50.0,50.0
153366_1,50.0,50.0
153366_3,50.0,50.0
153366_4,50.0,50.0
153366_5,50.0,50.0
153366_6,50.0,50.0
153366_7,50.0,50.0
153366_8,50.0,50.0
153366_9,50.0,50.0
153366_10,50.0,50.0
153366_11,50.0,50.0
153366_12,50.0,50.0
153366_13,50.0,50.0
153366_14,50.0,50.0
153366_15,50.0,50.0
153366_16,50.0,50.0
153366_17,50.0,50.0
153366_18,50.0,50.0
153366_19,50.0,50.0
153366_20,50.0,50.0
153366_21,50.0,50.0
153366_22,50.0,50.0
153366_23,50.0,50.0
153366_24,50.0,50.0
153366_25,50.0,50.0
153366_27,50.0,50.0
153366_28,50.0,50.0
153366_29,50.0,50.0
153366_30,50.0,50.0
153366_31,50.0,50.0
153366_32,50.0,50.0
153366_33,50.0,50.0
153366_35,50.0,50.0
153366_36,50.0,50.0
153366_37,50.0,50.0
153366_38,50.0,50.0
153366_39,50.0,50.0
153366_40,50.0,50.0
153366_41,50.0,50.0
153366_42,50.0,50.0
153366_43,50.0,50.0
153366_44,50.0,50.0
153366_46,50.0,50.0
153366_47,50.0,50.0
153366_48,50.0,50.0
153366_49,50.0,50.0
153366_50,50.0,50.0
153366_51,50.0,50.0
153366_52,50.0,50.0
153366_53,50.0,50.0
153366_54,50.0,50.0
153366_55,50.0,50.0
153366_56,50.0,50.0
153366_57,50.0,50.0
153366_58,50.0,50.0
153366_59,50.0,50.0
153366_60,50.0,50.0
153366_61,50.0,50.0
153366_62,50.0,50.0
153366_64,50.0,50.0
153366_65,50.0,50.0
153366_66,50.0,50.0
153366_67,50.0,50.0
153366_68,50.0,50.0
153366_69,50.0,50.0
153366_71,50.0,50.0
153366_72,50.0,50.0
153366_73,50.0,50.0
153366_74,50.0,50.0
153366_75,50.0,50.0
153366_76,50.0,50.0
153366_77,50.0,50.0
153366_78,50.0,50.0
153366_79,50.0,50.0
153366_80,50.0,50.0
153366_81,50.0,50.0
153366_82,50.0,50.0
153366_83,50.0,50.0
153366_84,50.0,50.0
153366_85,50.0,50.0
153366_86,50.0,50.0
153366_88,50.0,50.0
153366_89,50.0,50.0
153366_90,50.0,50.0
153366_92,50.0,50.0
153366_93,50.0,50.0
153366_94,50.0,50.0
153366_95,50.0,50.0
153367_1,50.0,50.0
153367_2,50.0,50.0
153367_3,50.0,50.0
153367_4,50.0,50.0
153367_7,50.0,50.0
153367_8,50.0,50.0
153367_9,50.0,50.0
153367_10,50.0,50.0
153367_11,50.0,50.0
153367_12,50.0,50.0
153367_13,50.0,50.0
153367_14,50.0,50.0
153367_16,50.0,50.0
153367_17,50.0,50.0
153367_18,50.0,50.0
153367_19,50.0,50.0
153367_21,50.0,50.0
153367_22,50.0,50.0
153367_24,50.0,50.0
153367_25,50.0,50.0
153367_26,50.0,50.0
153367_27,50.0,50.0
153367_28,50.0,50.0
153367_30,50.0,50.0
153367_31,50.0,50.0
153367_32,50.0,50.0
153367_33,50.0,50.0
153367_34,50.0,50.0
153367_35,50.0,50.0
153367_36,50.0,50.0
153367_37,50.0,50.0
153367_38,50.0,50.0
153367_39,50.0,50.0
153367_40,50.0,50.0
153367_41,50.0,50.0
153367_42,50.0,50.0
153367_43,50.0,50.0
153367_44,50.0,50.0
153367_45,50.0,50.0
153367_46,50.0,50.0
153367_47,50.0,50.0
153367_48,50.0,50.0
153367_49,50.0,50.0
153367_50,50.0,50.0
153367_51,50.0,50.0
153367_52,50.0,50.0
153367_53,50.0,50.0
153367_54,50.0,50.0
153367_55,50.0,50.0
153367_56,50.0,50.0
153367_58,50.0,50.0
153367_59,50.0,50.0
153367_60,50.0,50.0
153367_61,50.0,50.0
153367_62,50.0,50.0
153367_63,50.0,50.0
153367_64,50.0,50.0
153367_65,50.0,50.0
153367_66,50.0,50.0
153367_67,50.0,50.0
153367_68,50.0,50.0
153367_69,50.0,50.0
153367_70,50.0,50.0
153367_71,50.0,50.0
153367_72,50.0,50.0
153367_73,50.0,50.0
153367_74,50.0,50.0
153367_75,50.0,50.0
153367_76,50.0,50.0
153367_77,50.0,50.0
153367_78,50.0,50.0
153367_79,50.0,50.0
153367_80,50.0,50.0
153367_81,50.0,50.0
153367_82,50.0,50.0
153367_83,50.0,50.0
153367_84,50.0,50.0
153367_85,50.0,50.0
153367_87,50.0,50.0
153367_89,50.0,50.0
153367_90,50.0,50.0
153367_92,50.0,50.0
153367_93,50.0,50.0
153367_94,50.0,50.0
153367_95,50.0,50.0
153367_96,50.0,50.0
153367_97,50.0,50.0
153367_98,50.0,50.0
153367_99,50.0,50.0
153367_101,50.0,50.0
153367_102,50.0,50.0
153367_103,50.0,50.0
153367_104,50.0,50.0
153367_106,50.0,50.0
153367_107,50.0,50.0
153367_108,50.0,50.0
153367_109,50.0,50.0
153367_110,50.0,50.0
153367_111,50.0,50.0
153368_1,50.0,50.0
153368_2,50.0,50.0
153368_3,50.0,50.0
153368_4,50.0,50.0
153368_5,50.0,50.0
153368_8,50.0,50.0
153368_9,50.0,50.0
153368_10,50.0,50.0
153368_11,50.0,50.0
153368_12,50.0,50.0
153368_14,50.0,50.0
153368_15,50.0,50.0
153368_16,50.0,50.0
153368_17,50.0,50.0
153368_18,50.0,50.0
153368_19,50.0,50.0
153368_20,50.0,50.0
153368_21,50.0,50.0
153368_22,50.0,50.0
153368_25,50.0,50.0
153368_26,50.0,50.0
153368_27,50.0,50.0
153368_28,50.0,50.0
153368_29,50.0,50.0
153368_30,50.0,50.0
153368_31,50.0,50.0
153368_32,50.0,50.0
153368_33,50.0,50.0
153368_34,50.0,50.0
153368_36,50.0,50.0
153368_37,50.0,50.0
153368_38,50.0,50.0
153368_39,50.0,50.0
153368_41,50.0,50.0
153368_42,50.0,50.0
153368_44,50.0,50.0
153368_45,50.0,50.0
153368_46,50.0,50.0
153368_47,50.0,50.0
153368_48,50.0,50.0
153368_49,50.0,50.0
153368_51,50.0,50.0
153368_52,50.0,50.0
153368_53,50.0,50.0
153368_54,50.0,50.0
153368_55,50.0,50.0
153368_57,50.0,50.0
153368_58,50.0,50.0
153368_59,50.0,50.0
153368_60,50.0,50.0
153368_61,50.0,50.0
153368_62,50.0,50.0
153368_63,50.0,50.0
153368_64,50.0,50.0
153368_65,50.0,50.0
153368_66,50.0,50.0
153368_68,50.0,50.0
153368_69,50.0,50.0
153368_70,50.0,50.0
153368_71,50.0,50.0
153368_73,50.0,50.0
153368_74,50.0,50.0
153368_75,50.0,50.0
153368_76,50.0,50.0
153368_77,50.0,50.0
153368_78,50.0,50.0
153368_79,50.0,50.0
153368_80,50.0,50.0
153368_81,50.0,50.0
153368_82,50.0,50.0
153368_84,50.0,50.0
153368_85,50.0,50.0
153368_86,50.0,50.0
153369_1,50.0,50.0
153369_2,50.0,50.0
153369_3,50.0,50.0
153369_4,50.0,50.0
153369_5,50.0,50.0
153369_7,50.0,50.0
153369_10,50.0,50.0
153369_11,50.0,50.0
153369_12,50.0,50.0
153369_13,50.0,50.0
153369_14,50.0,50.0
153369_15,50.0,50.0
153369_16,50.0,50.0
153369_17,50.0,50.0
153369_18,50.0,50.0
153369_19,50.0,50.0
153369_20,50.0,50.0
153369_21,50.0,50.0
153369_22,50.0,50.0
153369_23,50.0,50.0
153369_24,50.0,50.0
153369_25,50.0,50.0
153369_26,50.0,50.0
153369_27,50.0,50.0
153369_28,50.0,50.0
153369_29,50.0,50.0
153369_30,50.0,50.0
153369_31,50.0,50.0
153369_33,50.0,50.0
153369_34,50.0,50.0
153369_35,50.0,50.0
153369_37,50.0,50.0
153369_38,50.0,50.0
153369_39,50.0,50.0
153369_41,50.0,50.0
153369_42,50.0,50.0
153369_43,50.0,50.0
153369_44,50.0,50.0
153369_45,50.0,50.0
153369_46,50.0,50.0
153369_50,50.0,50.0
153369_51,50.0,50.0
153369_52,50.0,50.0
153369_54,50.0,50.0
153369_55,50.0,50.0
153369_56,50.0,50.0
153369_57,50.0,50.0
153369_58,50.0,50.0
153369_60,50.0,50.0
153369_62,50.0,50.0
153369_63,50.0,50.0
153369_65,50.0,50.0
153369_66,50.0,50.0
153369_67,50.0,50.0
153369_68,50.0,50.0
153369_69,50.0,50.0
153369_70,50.0,50.0
153369_71,50.0,50.0
153369_72,50.0,50.0
153369_73,50.0,50.0
153369_76,50.0,50.0
153369_77,50.0,50.0
153369_78,50.0,50.0
153369_80,50.0,50.0
153369_82,50.0,50.0
153369_83,50.0,50.0
153369_84,50.0,50.0
153369_85,50.0,50.0
153369_86,50.0,50.0
153369_88,50.0,50.0
153370_1,50.0,50.0
153370_2,50.0,50.0
153370_3,50.0,50.0
153370_4,50.0,50.0
153370_5,50.0,50.0
153370_6,50.0,50.0
153370_7,50.0,50.0
153370_8,50.0,50.0
153370_9,50.0,50.0
153370_10,50.0,50.0
153370_11,50.0,50.0
153370_12,50.0,50.0
153370_13,50.0,50.0
153370_14,50.0,50.0
153370_16,50.0,50.0
153370_17,50.0,50.0
153370_18,50.0,50.0
153370_19,50.0,50.0
153370_20,50.0,50.0
153370_21,50.0,50.0
153370_22,50.0,50.0
153370_23,50.0,50.0
153370_24,50.0,50.0
153370_25,50.0,50.0
153370_26,50.0,50.0
153370_27,50.0,50.0
153370_28,50.0,50.0
153370_30,50.0,50.0
153370_31,50.0,50.0
153370_32,50.0,50.0
153370_33,50.0,50.0
153370_35,50.0,50.0
153370_36,50.0,50.0
153370_37,50.0,50.0
153370_38,50.0,50.0
153370_39,50.0,50.0
153370_40,50.0,50.0
153370_41,50.0,50.0
153370_42,50.0,50.0
153370_43,50.0,50.0
153370_44,50.0,50.0
153370_45,50.0,50.0
153370_46,50.0,50.0
153370_47,50.0,50.0
153370_49,50.0,50.0
153370_50,50.0,50.0
153370_51,50.0,50.0
153370_53,50.0,50.0
153370_54,50.0,50.0
153370_55,50.0,50.0
153370_56,50.0,50.0
153370_57,50.0,50.0
153370_58,50.0,50.0
153370_59,50.0,50.0
153370_60,50.0,50.0
153370_61,50.0,50.0
153370_63,50.0,50.0
153370_64,50.0,50.0
153370_65,50.0,50.0
153370_66,50.0,50.0
153370_67,50.0,50.0
153370_68,50.0,50.0
153370_69,50.0,50.0
153370_70,50.0,50.0
153370_71,50.0,50.0
153370_72,50.0,50.0
153370_73,50.0,50.0
153370_74,50.0,50.0
153370_75,50.0,50.0
153370_76,50.0,50.0
153370_78,50.0,50.0
153370_79,50.0,50.0
153370_80,50.0,50.0
153370_81,50.0,50.0
153370_83,50.0,50.0
153370_85,50.0,50.0
153370_86,50.0,50.0
153370_88,50.0,50.0
153370_89,50.0,50.0
153370_90,50.0,50.0
153370_91,50.0,50.0
153370_92,50.0,50.0
153371_1,50.0,50.0
153371_2,50.0,50.0
153371_3,50.0,50.0
153371_4,50.0,50.0
153371_5,50.0,50.0
153371_6,50.0,50.0
153371_7,50.0,50.0
153371_8,50.0,50.0
153371_9,50.0,50.0
153371_10,50.0,50.0
153371_11,50.0,50.0
153371_12,50.0,50.0
153371_13,50.0,50.0
153371_14,50.0,50.0
153371_15,50.0,50.0
153371_16,50.0,50.0
153371_17,50.0,50.0
153371_18,50.0,50.0
153371_19,50.0,50.0
153371_20,50.0,50.0
153371_21,50.0,50.0
153371_22,50.0,50.0
153371_23,50.0,50.0
153371_24,50.0,50.0
153371_25,50.0,50.0
153371_26,50.0,50.0
153371_27,50.0,50.0
153371_28,50.0,50.0
153371_29,50.0,50.0
153371_30,50.0,50.0
153371_31,50.0,50.0
153371_32,50.0,50.0
153371_34,50.0,50.0
153371_35,50.0,50.0
153371_36,50.0,50.0
153371_37,50.0,50.0
153371_38,50.0,50.0
153371_39,50.0,50.0
153371_40,50.0,50.0
153371_41,50.0,50.0
153371_42,50.0,50.0
153371_43,50.0,50.0
153371_44,50.0,50.0
153371_45,50.0,50.0
153371_48,50.0,50.0
153371_49,50.0,50.0
153371_50,50.0,50.0
153371_51,50.0,50.0
153371_52,50.0,50.0
153371_53,50.0,50.0
153371_54,50.0,50.0
153371_55,50.0,50.0
153371_56,50.0,50.0
153371_57,50.0,50.0
153371_58,50.0,50.0
153371_60,50.0,50.0
153371_61,50.0,50.0
153371_62,50.0,50.0
153371_63,50.0,50.0
153371_64,50.0,50.0
153371_65,50.0,50.0
153371_66,50.0,50.0
153371_67,50.0,50.0
153371_68,50.0,50.0
153371_69,50.0,50.0
153371_70,50.0,50.0
153371_71,50.0,50.0
153371_72,50.0,50.0
153371_73,50.0,50.0
153371_74,50.0,50.0
153371_75,50.0,50.0
153371_76,50.0,50.0
153371_77,50.0,50.0
153371_78,50.0,50.0
153371_79,50.0,50.0
153371_80,50.0,50.0
153371_81,50.0,50.0
153371_82,50.0,50.0
153371_83,50.0,50.0
153371_84,50.0,50.0
153371_85,50.0,50.0
153371_86,50.0,50.0
153371_87,50.0,50.0
153371_88,50.0,50.0
153372_1,50.0,50.0
153372_2,50.0,50.0
153372_3,50.0,50.0
153372_4,50.0,50.0
153372_5,50.0,50.0
153372_6,50.0,50.0
153372_7,50.0,50.0
153372_9,50.0,50.0
153372_10,50.0,50.0
153372_11,50.0,50.0
153372_12,50.0,50.0
153372_13,50.0,50.0
153372_14,50.0,50.0
153372_16,50.0,50.0
153372_17,50.0,50.0
153372_18,50.0,50.0
153372_19,50.0,50.0
153372_20,50.0,50.0
153372_21,50.0,50.0
153372_22,50.0,50.0
153372_24,50.0,50.0
153372_25,50.0,50.0
153372_26,50.0,50.0
153372_27,50.0,50.0
153372_28,50.0,50.0
153372_29,50.0,50.0
153372_30,50.0,50.0
153372_31,50.0,50.0
153372_32,50.0,50.0
153372_33,50.0,50.0
153372_34,50.0,50.0
153372_35,50.0,50.0
153372_36,50.0,50.0
153372_38,50.0,50.0
153372_39,50.0,50.0
153372_40,50.0,50.0
153372_41,50.0,50.0
153372_42,50.0,50.0
153372_43,50.0,50.0
153372_44,50.0,50.0
153372_45,50.0,50.0
153372_46,50.0,50.0
153372_47,50.0,50.0
153372_48,50.0,50.0
153372_49,50.0,50.0
153372_50,50.0,50.0
153372_51,50.0,50.0
153372_52,50.0,50.0
153372_53,50.0,50.0
153372_54,50.0,50.0
153372_55,50.0,50.0
153372_56,50.0,50.0
153372_57,50.0,50.0
153372_58,50.0,50.0
153372_59,50.0,50.0
153372_60,50.0,50.0
153372_61,50.0,50.0
153372_62,50.0,50.0
153372_63,50.0,50.0
153372_64,50.0,50.0
153372_65,50.0,50.0
153372_66,50.0,50.0
153372_67,50.0,50.0
153372_68,50.0,50.0
153372_69,50.0,50.0
153372_70,50.0,50.0
153372_71,50.0,50.0
153372_72,50.0,50.0
153372_73,50.0,50.0
153372_74,50.0,50.0
153372_75,50.0,50.0
153372_76,50.0,50.0
153372_77,50.0,50.0
153372_79,50.0,50.0
153372_80,50.0,50.0
153372_82,50.0,50.0
153372_83,50.0,50.0
153372_84,50.0,50.0
153372_85,50.0,50.0
153372_86,50.0,50.0
153372_87,50.0,50.0
153372_88,50.0,50.0
153372_89,50.0,50.0
153372_90,50.0,50.0
153372_91,50.0,50.0
153372_92,50.0,50.0
153372_93,50.0,50.0
153372_94,50.0,50.0
153372_95,50.0,50.0
153372_96,50.0,50.0
153372_97,50.0,50.0
153373_1,50.0,50.0
153373_2,50.0,50.0
153373_3,50.0,50.0
153373_4,50.0,50.0
153373_5,50.0,50.0
153373_6,50.0,50.0
153373_7,50.0,50.0
153373_8,50.0,50.0
153373_9,50.0,50.0
153373_10,50.0,50.0
153373_13,50.0,50.0
153373_14,50.0,50.0
153373_15,50.0,50.0
153373_16,50.0,50.0
153373_17,50.0,50.0
153373_18,50.0,50.0
153373_19,50.0,50.0
153373_20,50.0,50.0
153373_21,50.0,50.0
153373_22,50.0,50.0
153373_23,50.0,50.0
153373_24,50.0,50.0
153373_25,50.0,50.0
153373_26,50.0,50.0
153373_27,50.0,50.0
153373_28,50.0,50.0
153373_29,50.0,50.0
153373_30,50.0,50.0
153373_31,50.0,50.0
153373_32,50.0,50.0
153373_34,50.0,50.0
153373_35,50.0,50.0
153373_36,50.0,50.0
153373_37,50.0,50.0
153373_38,50.0,50.0
153373_40,50.0,50.0
153373_41,50.0,50.0
153373_44,50.0,50.0
153373_45,50.0,50.0
153373_46,50.0,50.0
153373_47,50.0,50.0
153373_49,50.0,50.0
153373_50,50.0,50.0
153373_51,50.0,50.0
153373_52,50.0,50.0
153373_54,50.0,50.0
153373_55,50.0,50.0
153373_56,50.0,50.0
153373_57,50.0,50.0
153373_58,50.0,50.0
153373_60,50.0,50.0
153373_61,50.0,50.0
153373_63,50.0,50.0
153373_64,50.0,50.0
153373_65,50.0,50.0
153373_66,50.0,50.0
153373_67,50.0,50.0
153373_68,50.0,50.0
153373_70,50.0,50.0
153373_71,50.0,50.0
153373_72,50.0,50.0
153373_73,50.0,50.0
153373_76,50.0,50.0
153373_77,50.0,50.0
153373_78,50.0,50.0
153373_79,50.0,50.0
153373_80,50.0,50.0
153373_81,50.0,50.0
153373_82,50.0,50.0
153373_83,50.0,50.0
153373_84,50.0,50.0
153373_86,50.0,50.0
153373_87,50.0,50.0
153373_88,50.0,50.0
153373_89,50.0,50.0
153373_90,50.0,50.0
153373_91,50.0,50.0
153373_92,50.0,50.0
153373_93,50.0,50.0
153373_94,50.0,50.0
153373_95,50.0,50.0
153373_96,50.0,50.0
153373_98,50.0,50.0
153373_99,50.0,50.0
153374_1,50.0,50.0
153374_2,50.0,50.0
153374_3,50.0,50.0
153374_4,50.0,50.0
153374_5,50.0,50.0
153374_6,50.0,50.0
153374_7,50.0,50.0
153374_8,50.0,50.0
153374_9,50.0,50.0
153374_11,50.0,50.0
153374_12,50.0,50.0
153374_14,50.0,50.0
153374_15,50.0,50.0
153374_16,50.0,50.0
153374_18,50.0,50.0
153374_19,50.0,50.0
153374_20,50.0,50.0
153374_22,50.0,50.0
153374_23,50.0,50.0
153374_24,50.0,50.0
153374_25,50.0,50.0
153374_26,50.0,50.0
153374_27,50.0,50.0
153374_28,50.0,50.0
153374_30,50.0,50.0
153374_31,50.0,50.0
153374_32,50.0,50.0
153374_33,50.0,50.0
153374_36,50.0,50.0
153374_37,50.0,50.0
153374_38,50.0,50.0
153374_39,50.0,50.0
153374_40,50.0,50.0
153374_41,50.0,50.0
153374_43,50.0,50.0
153374_44,50.0,50.0
153374_45,50.0,50.0
153374_46,50.0,50.0
153374_47,50.0,50.0
153374_48,50.0,50.0
153374_49,50.0,50.0
153374_50,50.0,50.0
153374_51,50.0,50.0
153374_52,50.0,50.0
153374_53,50.0,50.0
153374_54,50.0,50.0
153374_55,50.0,50.0
153374_56,50.0,50.0
153374_57,50.0,50.0
153374_58,50.0,50.0
153374_59,50.0,50.0
153374_61,50.0,50.0
153374_62,50.0,50.0
153374_63,50.0,50.0
153374_64,50.0,50.0
153374_65,50.0,50.0
153374_66,50.0,50.0
153374_67,50.0,50.0
153374_68,50.0,50.0
153374_69,50.0,50.0
153374_71,50.0,50.0
153374_73,50.0,50.0
153374_74,50.0,50.0
153374_75,50.0,50.0
153374_76,50.0,50.0
153374_77,50.0,50.0
153374_79,50.0,50.0
153374_80,50.0,50.0
153374_82,50.0,50.0
153374_83,50.0,50.0
153374_84,50.0,50.0
153374_85,50.0,50.0
153375_1,50.0,50.0
153375_2,50.0,50.0
153375_3,50.0,50.0
153375_5,50.0,50.0
153375_6,50.0,50.0
153375_7,50.0,50.0
153375_8,50.0,50.0
153375_9,50.0,50.0
153375_10,50.0,50.0
153375_11,50.0,50.0
153375_12,50.0,50.0
153375_13,50.0,50.0
153375_14,50.0,50.0
153375_15,50.0,50.0
153375_16,50.0,50.0
153375_17,50.0,50.0
153375_18,50.0,50.0
153375_19,50.0,50.0
153375_20,50.0,50.0
153375_21,50.0,50.0
153375_22,50.0,50.0
153375_23,50.0,50.0
153375_24,50.0,50.0
153375_25,50.0,50.0
153375_26,50.0,50.0
153375_27,50.0,50.0
153375_28,50.0,50.0
153375_29,50.0,50.0
153375_30,50.0,50.0
153375_32,50.0,50.0
153375_33,50.0,50.0
153375_35,50.0,50.0
153375_36,50.0,50.0
153375_39,50.0,50.0
153375_40,50.0,50.0
153375_41,50.0,50.0
153375_42,50.0,50.0
153375_43,50.0,50.0
153375_44,50.0,50.0
153375_45,50.0,50.0
153375_46,50.0,50.0
153375_47,50.0,50.0
153375_48,50.0,50.0
153375_49,50.0,50.0
153375_50,50.0,50.0
153375_51,50.0,50.0
153375_53,50.0,50.0
153375_54,50.0,50.0
153375_55,50.0,50.0
153375_56,50.0,50.0
153375_57,50.0,50.0
153375_58,50.0,50.0
153375_59,50.0,50.0
153375_60,50.0,50.0
153375_61,50.0,50.0
153375_62,50.0,50.0
153375_63,50.0,50.0
153375_65,50.0,50.0
153375_66,50.0,50.0
153375_67,50.0,50.0
153375_68,50.0,50.0
153375_69,50.0,50.0
153375_70,50.0,50.0
153375_71,50.0,50.0
153375_72,50.0,50.0
153375_73,50.0,50.0
153375_77,50.0,50.0
153375_78,50.0,50.0
153375_79,50.0,50.0
153375_80,50.0,50.0
153375_82,50.0,50.0
153375_83,50.0,50.0
153375_84,50.0,50.0
153376_1,50.0,50.0
153376_2,50.0,50.0
153376_3,50.0,50.0
153376_4,50.0,50.0
153376_5,50.0,50.0
153376_6,50.0,50.0
153376_7,50.0,50.0
153376_8,50.0,50.0
153376_9,50.0,50.0
153376_10,50.0,50.0
153376_11,50.0,50.0
153376_12,50.0,50.0
153376_13,50.0,50.0
153376_15,50.0,50.0
153376_16,50.0,50.0
153376_18,50.0,50.0
153376_19,50.0,50.0
153376_22,50.0,50.0
153376_23,50.0,50.0
153376_24,50.0,50.0
153376_25,50.0,50.0
153376_26,50.0,50.0
153376_27,50.0,50.0
153376_28,50.0,50.0
153376_29,50.0,50.0
153376_30,50.0,50.0
153376_31,50.0,50.0
153376_33,50.0,50.0
153376_34,50.0,50.0
153376_35,50.0,50.0
153376_36,50.0,50.0
153376_39,50.0,50.0
153376_40,50.0,50.0
153376_41,50.0,50.0
153376_42,50.0,50.0
153376_43,50.0,50.0
153376_44,50.0,50.0
153376_47,50.0,50.0
153376_48,50.0,50.0
153376_49,50.0,50.0
153376_50,50.0,50.0
153376_51,50.0,50.0
153376_52,50.0,50.0
153376_53,50.0,50.0
153376_54,50.0,50.0
153376_55,50.0,50.0
153376_56,50.0,50.0
153376_57,50.0,50.0
153376_60,50.0,50.0
153376_61,50.0,50.0
153376_62,50.0,50.0
153376_63,50.0,50.0
153376_64,50.0,50.0
153376_65,50.0,50.0
153376_66,50.0,50.0
153376_67,50.0,50.0
153376_68,50.0,50.0
153376_69,50.0,50.0
153376_70,50.0,50.0
153376_71,50.0,50.0
153376_72,50.0,50.0
153376_73,50.0,50.0
153376_75,50.0,50.0
153376_76,50.0,50.0
153376_77,50.0,50.0
153376_78,50.0,50.0
153376_79,50.0,50.0
153376_80,50.0,50.0
153376_81,50.0,50.0
153376_82,50.0,50.0
153376_83,50.0,50.0
153376_84,50.0,50.0
153376_85,50.0,50.0
153376_86,50.0,50.0
153376_87,50.0,50.0
153376_88,50.0,50.0
153376_89,50.0,50.0
153377_1,50.0,50.0
153377_2,50.0,50.0
153377_3,50.0,50.0
153377_7,50.0,50.0
153377_8,50.0,50.0
153377_9,50.0,50.0
153377_10,50.0,50.0
153377_11,50.0,50.0
153377_12,50.0,50.0
153377_13,50.0,50.0
153377_14,50.0,50.0
153377_15,50.0,50.0
153377_16,50.0,50.0
153377_17,50.0,50.0
153377_18,50.0,50.0
153377_19,50.0,50.0
153377_20,50.0,50.0
153377_21,50.0,50.0
153377_22,50.0,50.0
153377_23,50.0,50.0
153377_24,50.0,50.0
153377_25,50.0,50.0
153377_26,50.0,50.0
153377_27,50.0,50.0
153377_28,50.0,50.0
153377_29,50.0,50.0
153377_30,50.0,50.0
153377_31,50.0,50.0
153377_32,50.0,50.0
153377_33,50.0,50.0
153377_34,50.0,50.0
153377_35,50.0,50.0
153377_36,50.0,50.0
153377_37,50.0,50.0
153377_38,50.0,50.0
153377_39,50.0,50.0
153377_40,50.0,50.0
153377_41,50.0,50.0
153377_42,50.0,50.0
153377_43,50.0,50.0
153377_44,50.0,50.0
153377_45,50.0,50.0
153377_46,50.0,50.0
153377_47,50.0,50.0
153377_48,50.0,50.0
153377_49,50.0,50.0
153377_50,50.0,50.0
153377_51,50.0,50.0
153377_52,50.0,50.0
153377_53,50.0,50.0
153377_54,50.0,50.0
153377_55,50.0,50.0
153377_56,50.0,50.0
153377_58,50.0,50.0
153377_59,50.0,50.0
153377_60,50.0,50.0
153377_63,50.0,50.0
153377_64,50.0,50.0
153377_65,50.0,50.0
153377_66,50.0,50.0
153377_67,50.0,50.0
153377_68,50.0,50.0
153377_69,50.0,50.0
153377_70,50.0,50.0
153377_72,50.0,50.0
153377_73,50.0,50.0
153377_74,50.0,50.0
153378_1,50.0,50.0
153378_2,50.0,50.0
153378_3,50.0,50.0
153378_4,50.0,50.0
153378_5,50.0,50.0
153378_6,50.0,50.0
153378_8,50.0,50.0
153378_9,50.0,50.0
153378_11,50.0,50.0
153378_12,50.0,50.0
153378_13,50.0,50.0
153378_14,50.0,50.0
153378_15,50.0,50.0
153378_16,50.0,50.0
153378_17,50.0,50.0
153378_18,50.0,50.0
153378_19,50.0,50.0
153378_20,50.0,50.0
153378_21,50.0,50.0
153378_22,50.0,50.0
153378_23,50.0,50.0
153378_24,50.0,50.0
153378_25,50.0,50.0
153378_26,50.0,50.0
153378_27,50.0,50.0
153378_28,50.0,50.0
153378_29,50.0,50.0
153378_30,50.0,50.0
153378_31,50.0,50.0
153378_32,50.0,50.0
153378_33,50.0,50.0
153378_34,50.0,50.0
153378_35,50.0,50.0
153378_36,50.0,50.0
153378_37,50.0,50.0
153378_38,50.0,50.0
153378_39,50.0,50.0
153378_40,50.0,50.0
153378_41,50.0,50.0
153378_42,50.0,50.0
153378_43,50.0,50.0
153378_44,50.0,50.0
153378_45,50.0,50.0
153378_46,50.0,50.0
153378_47,50.0,50.0
153378_48,50.0,50.0
153378_49,50.0,50.0
153378_50,50.0,50.0
153378_51,50.0,50.0
153378_52,50.0,50.0
153378_53,50.0,50.0
153378_55,50.0,50.0
153378_56,50.0,50.0
153378_58,50.0,50.0
153378_59,50.0,50.0
153378_60,50.0,50.0
153378_61,50.0,50.0
153378_62,50.0,50.0
153378_64,50.0,50.0
153378_65,50.0,50.0
153378_66,50.0,50.0
153378_67,50.0,50.0
153378_69,50.0,50.0
153378_70,50.0,50.0
153378_71,50.0,50.0
153378_72,50.0,50.0
153378_73,50.0,50.0
153378_74,50.0,50.0
153378_75,50.0,50.0
153378_76,50.0,50.0
153378_77,50.0,50.0
153378_78,50.0,50.0
153378_79,50.0,50.0
153378_80,50.0,50.0
153378_81,50.0,50.0
153378_82,50.0,50.0
153378_83,50.0,50.0
153378_84,50.0,50.0
153378_85,50.0,50.0
153378_86,50.0,50.0
153378_87,50.0,50.0
153378_88,50.0,50.0
153378_89,50.0,50.0
153378_90,50.0,50.0
153378_91,50.0,50.0
153378_92,50.0,50.0
153378_93,50.0,50.0
153379_1,50.0,50.0
153379_2,50.0,50.0
153379_3,50.0,50.0
153379_4,50.0,50.0
153379_5,50.0,50.0
153379_6,50.0,50.0
153379_7,50.0,50.0
153379_9,50.0,50.0
153379_11,50.0,50.0
153379_12,50.0,50.0
153379_13,50.0,50.0
153379_15,50.0,50.0
153379_16,50.0,50.0
153379_17,50.0,50.0
153379_18,50.0,50.0
153379_19,50.0,50.0
153379_20,50.0,50.0
153379_21,50.0,50.0
153379_22,50.0,50.0
153379_23,50.0,50.0
153379_24,50.0,50.0
153379_25,50.0,50.0
153379_26,50.0,50.0
153379_27,50.0,50.0
153379_29,50.0,50.0
153379_30,50.0,50.0
153379_31,50.0,50.0
153379_32,50.0,50.0
153379_33,50.0,50.0
153379_34,50.0,50.0
153379_35,50.0,50.0
153379_36,50.0,50.0
153379_37,50.0,50.0
153379_38,50.0,50.0
153379_39,50.0,50.0
153379_40,50.0,50.0
153379_41,50.0,50.0
153379_42,50.0,50.0
153379_43,50.0,50.0
153379_44,50.0,50.0
153379_45,50.0,50.0
153379_46,50.0,50.0
153379_47,50.0,50.0
153379_48,50.0,50.0
153379_49,50.0,50.0
153379_50,50.0,50.0
153379_51,50.0,50.0
153379_52,50.0,50.0
153379_54,50.0,50.0
153379_55,50.0,50.0
153379_56,50.0,50.0
153379_57,50.0,50.0
153379_58,50.0,50.0
153379_59,50.0,50.0
153379_60,50.0,50.0
153379_61,50.0,50.0
153379_62,50.0,50.0
153379_63,50.0,50.0
153379_64,50.0,50.0
153379_65,50.0,50.0
153379_66,50.0,50.0
153379_67,50.0,50.0
153379_68,50.0,50.0
153379_69,50.0,50.0
153379_70,50.0,50.0
153379_71,50.0,50.0
153379_72,50.0,50.0
153379_73,50.0,50.0
153379_74,50.0,50.0
153379_75,50.0,50.0
153379_76,50.0,50.0
153379_77,50.0,50.0
153379_78,50.0,50.0
153379_79,50.0,50.0
153379_80,50.0,50.0
153379_81,50.0,50.0
153379_82,50.0,50.0
153379_84,50.0,50.0
153379_87,50.0,50.0
153379_88,50.0,50.0
153379_89,50.0,50.0
153379_90,50.0,50.0
153379_91,50.0,50.0
153379_92,50.0,50.0
153379_93,50.0,50.0
153379_94,50.0,50.0
153379_96,50.0,50.0
153379_97,50.0,50.0
153379_98,50.0,50.0
153379_100,50.0,50.0
153380_1,50.0,50.0
153380_2,50.0,50.0
153380_3,50.0,50.0
153380_4,50.0,50.0
153380_5,50.0,50.0
153380_6,50.0,50.0
153380_8,50.0,50.0
153380_9,50.0,50.0
153380_10,50.0,50.0
153380_11,50.0,50.0
153380_12,50.0,50.0
153380_13,50.0,50.0
153380_15,50.0,50.0
153380_16,50.0,50.0
153380_17,50.0,50.0
153380_18,50.0,50.0
153380_20,50.0,50.0
153380_21,50.0,50.0
153380_22,50.0,50.0
153380_23,50.0,50.0
153380_24,50.0,50.0
153380_25,50.0,50.0
153380_26,50.0,50.0
153380_27,50.0,50.0
153380_28,50.0,50.0
153380_29,50.0,50.0
153380_30,50.0,50.0
153380_31,50.0,50.0
153380_32,50.0,50.0
153380_33,50.0,50.0
153380_34,50.0,50.0
153380_35,50.0,50.0
153380_36,50.0,50.0
153380_37,50.0,50.0
153380_38,50.0,50.0
153380_39,50.0,50.0
153380_40,50.0,50.0
153380_41,50.0,50.0
153380_42,50.0,50.0
153380_44,50.0,50.0
153380_45,50.0,50.0
153380_46,50.0,50.0
153380_47,50.0,50.0
153380_48,50.0,50.0
153380_49,50.0,50.0
153380_50,50.0,50.0
153380_52,50.0,50.0
153380_53,50.0,50.0
153380_54,50.0,50.0
153380_55,50.0,50.0
153380_57,50.0,50.0
153380_58,50.0,50.0
153380_59,50.0,50.0
153380_61,50.0,50.0
153380_62,50.0,50.0
153380_63,50.0,50.0
153380_64,50.0,50.0
153380_65,50.0,50.0
153380_66,50.0,50.0
153380_67,50.0,50.0
153380_68,50.0,50.0
153380_69,50.0,50.0
153380_70,50.0,50.0
153380_71,50.0,50.0
153380_72,50.0,50.0
153380_74,50.0,50.0
153380_75,50.0,50.0
153380_76,50.0,50.0
153380_77,50.0,50.0
153380_78,50.0,50.0
153380_79,50.0,50.0
153380_80,50.0,50.0
153380_81,50.0,50.0
153380_82,50.0,50.0
153380_83,50.0,50.0
153380_84,50.0,50.0
153380_85,50.0,50.0
153380_86,50.0,50.0
153380_87,50.0,50.0
153380_88,50.0,50.0
153380_89,50.0,50.0
153380_90,50.0,50.0
153380_91,50.0,50.0
153380_92,50.0,50.0
153380_93,50.0,50.0
153380_94,50.0,50.0
153380_95,50.0,50.0
153380_96,50.0,50.0
153380_97,50.0,50.0
153380_98,50.0,50.0
153380_99,50.0,50.0
153380_100,50.0,50.0
153380_101,50.0,50.0
153380_102,50.0,50.0
153380_103,50.0,50.0
153380_104,50.0,50.0
153380_105,50.0,50.0
153380_106,50.0,50.0
153380_107,50.0,50.0
153381_1,50.0,50.0
153381_2,50.0,50.0
153381_3,50.0,50.0
153381_4,50.0,50.0
153381_5,50.0,50.0
153381_6,50.0,50.0
153381_7,50.0,50.0
153381_8,50.0,50.0
153381_10,50.0,50.0
153381_11,50.0,50.0
153381_12,50.0,50.0
153381_13,50.0,50.0
153381_14,50.0,50.0
153381_16,50.0,50.0
153381_17,50.0,50.0
153381_18,50.0,50.0
153381_21,50.0,50.0
153381_22,50.0,50.0
153381_23,50.0,50.0
153381_24,50.0,50.0
153381_25,50.0,50.0
153381_26,50.0,50.0
153381_27,50.0,50.0
153381_28,50.0,50.0
153381_29,50.0,50.0
153381_30,50.0,50.0
153381_31,50.0,50.0
153381_32,50.0,50.0
153381_33,50.0,50.0
153381_34,50.0,50.0
153381_35,50.0,50.0
153381_36,50.0,50.0
153381_37,50.0,50.0
153381_39,50.0,50.0
153381_41,50.0,50.0
153381_42,50.0,50.0
153381_43,50.0,50.0
153381_44,50.0,50.0
153381_45,50.0,50.0
153381_46,50.0,50.0
153381_47,50.0,50.0
153381_48,50.0,50.0
153381_49,50.0,50.0
153381_50,50.0,50.0
153381_51,50.0,50.0
153381_52,50.0,50.0
153381_55,50.0,50.0
153381_57,50.0,50.0
153381_58,50.0,50.0
153381_59,50.0,50.0
153381_60,50.0,50.0
153381_61,50.0,50.0
153381_62,50.0,50.0
153381_63,50.0,50.0
153381_64,50.0,50.0
153381_65,50.0,50.0
153381_66,50.0,50.0
153381_67,50.0,50.0
153381_68,50.0,50.0
153381_70,50.0,50.0
153381_71,50.0,50.0
153381_72,50.0,50.0
153381_73,50.0,50.0
153381_74,50.0,50.0
153381_75,50.0,50.0
153381_76,50.0,50.0
153381_79,50.0,50.0
153381_80,50.0,50.0
153381_82,50.0,50.0
153381_83,50.0,50.0
153381_84,50.0,50.0
153381_85,50.0,50.0
153381_88,50.0,50.0
153381_89,50.0,50.0
153381_90,50.0,50.0
153381_92,50.0,50.0
153381_93,50.0,50.0
153381_94,50.0,50.0
153381_95,50.0,50.0
153381_96,50.0,50.0
153382_1,50.0,50.0
153382_2,50.0,50.0
153382_3,50.0,50.0
153382_4,50.0,50.0
153382_5,50.0,50.0
153382_6,50.0,50.0
153382_7,50.0,50.0
153382_8,50.0,50.0
153382_10,50.0,50.0
153382_11,50.0,50.0
153382_12,50.0,50.0
153382_13,50.0,50.0
153382_14,50.0,50.0
153382_15,50.0,50.0
153382_16,50.0,50.0
153382_17,50.0,50.0
153382_18,50.0,50.0
153382_19,50.0,50.0
153382_20,50.0,50.0
153382_22,50.0,50.0
153382_23,50.0,50.0
153382_24,50.0,50.0
153382_25,50.0,50.0
153382_26,50.0,50.0
153382_27,50.0,50.0
153382_28,50.0,50.0
153382_29,50.0,50.0
153382_30,50.0,50.0
153382_31,50.0,50.0
153382_32,50.0,50.0
153382_34,50.0,50.0
153382_35,50.0,50.0
153382_36,50.0,50.0
153382_37,50.0,50.0
153382_38,50.0,50.0
153382_39,50.0,50.0
153382_40,50.0,50.0
153382_41,50.0,50.0
153382_42,50.0,50.0
153382_43,50.0,50.0
153382_44,50.0,50.0
153382_45,50.0,50.0
153382_47,50.0,50.0
153382_49,50.0,50.0
153382_50,50.0,50.0
153382_51,50.0,50.0
153382_52,50.0,50.0
153382_53,50.0,50.0
153382_54,50.0,50.0
153382_55,50.0,50.0
153382_56,50.0,50.0
153382_57,50.0,50.0
153382_58,50.0,50.0
153382_59,50.0,50.0
153382_63,50.0,50.0
153382_64,50.0,50.0
153382_65,50.0,50.0
153382_66,50.0,50.0
153382_67,50.0,50.0
153382_68,50.0,50.0
153382_70,50.0,50.0
153382_71,50.0,50.0
153382_72,50.0,50.0
153382_73,50.0,50.0
153382_75,50.0,50.0
153382_76,50.0,50.0
153382_77,50.0,50.0
153382_78,50.0,50.0
153382_80,50.0,50.0
153382_81,50.0,50.0
153382_82,50.0,50.0
153382_83,50.0,50.0
153382_84,50.0,50.0
153382_85,50.0,50.0
153382_87,50.0,50.0
153382_88,50.0,50.0
153382_89,50.0,50.0
153383_1,50.0,50.0
153383_2,50.0,50.0
153383_4,50.0,50.0
153383_5,50.0,50.0
153383_6,50.0,50.0
153383_7,50.0,50.0
153383_8,50.0,50.0
153383_9,50.0,50.0
153383_10,50.0,50.0
153383_11,50.0,50.0
153383_13,50.0,50.0
153383_14,50.0,50.0
153383_15,50.0,50.0
153383_16,50.0,50.0
153383_17,50.0,50.0
153383_18,50.0,50.0
153383_19,50.0,50.0
153383_20,50.0,50.0
153383_21,50.0,50.0
153383_22,50.0,50.0
153383_23,50.0,50.0
153383_24,50.0,50.0
153383_25,50.0,50.0
153383_26,50.0,50.0
153383_27,50.0,50.0
153383_28,50.0,50.0
153383_29,50.0,50.0
153383_30,50.0,50.0
153383_31,50.0,50.0
153383_32,50.0,50.0
153383_34,50.0,50.0
153383_35,50.0,50.0
153383_36,50.0,50.0
153383_37,50.0,50.0
153383_38,50.0,50.0
153383_39,50.0,50.0
153383_40,50.0,50.0
153383_41,50.0,50.0
153383_42,50.0,50.0
153383_43,50.0,50.0
153383_44,50.0,50.0
153383_45,50.0,50.0
153383_46,50.0,50.0
153383_47,50.0,50.0
153383_48,50.0,50.0
153383_49,50.0,50.0
153383_50,50.0,50.0
153383_51,50.0,50.0
153383_53,50.0,50.0
153383_54,50.0,50.0
153383_55,50.0,50.0
153383_56,50.0,50.0
153383_57,50.0,50.0
153383_58,50.0,50.0
153383_59,50.0,50.0
153383_60,50.0,50.0
153383_62,50.0,50.0
153383_64,50.0,50.0
153383_65,50.0,50.0
153383_66,50.0,50.0
153383_67,50.0,50.0
153383_68,50.0,50.0
153383_69,50.0,50.0
153383_70,50.0,50.0
153383_71,50.0,50.0
153383_73,50.0,50.0
153383_74,50.0,50.0
153383_75,50.0,50.0
153383_76,50.0,50.0
153383_77,50.0,50.0
153383_78,50.0,50.0
153383_79,50.0,50.0
153383_80,50.0,50.0
153383_81,50.0,50.0
153383_82,50.0,50.0
153383_83,50.0,50.0
153383_84,50.0,50.0
153383_86,50.0,50.0
153384_1,50.0,50.0
153384_2,50.0,50.0
153384_3,50.0,50.0
153384_4,50.0,50.0
153384_5,50.0,50.0
153384_6,50.0,50.0
153384_7,50.0,50.0
153384_9,50.0,50.0
153384_10,50.0,50.0
153384_11,50.0,50.0
153384_12,50.0,50.0
153384_15,50.0,50.0
153384_16,50.0,50.0
153384_17,50.0,50.0
153384_18,50.0,50.0
153384_19,50.0,50.0
153384_20,50.0,50.0
153384_21,50.0,50.0
153384_23,50.0,50.0
153384_24,50.0,50.0
153384_25,50.0,50.0
153384_27,50.0,50.0
153384_28,50.0,50.0
153384_29,50.0,50.0
153384_30,50.0,50.0
153384_32,50.0,50.0
153384_33,50.0,50.0
153384_34,50.0,50.0
153384_35,50.0,50.0
153384_36,50.0,50.0
153384_37,50.0,50.0
153384_38,50.0,50.0
153384_39,50.0,50.0
153384_40,50.0,50.0
153384_43,50.0,50.0
153384_44,50.0,50.0
153384_45,50.0,50.0
153384_46,50.0,50.0
153384_48,50.0,50.0
153384_49,50.0,50.0
153384_50,50.0,50.0
153384_51,50.0,50.0
153384_52,50.0,50.0
153384_53,50.0,50.0
153384_54,50.0,50.0
153384_55,50.0,50.0
153384_58,50.0,50.0
153384_60,50.0,50.0
153384_61,50.0,50.0
153384_62,50.0,50.0
153384_63,50.0,50.0
153384_65,50.0,50.0
153384_66,50.0,50.0
153384_69,50.0,50.0
153384_70,50.0,50.0
153384_71,50.0,50.0
153384_73,50.0,50.0
153384_74,50.0,50.0
153384_75,50.0,50.0
153384_76,50.0,50.0
153384_77,50.0,50.0
153384_80,50.0,50.0
153384_81,50.0,50.0
153384_82,50.0,50.0
153384_85,50.0,50.0
153384_86,50.0,50.0
153384_87,50.0,50.0
153384_88,50.0,50.0
153384_89,50.0,50.0
153384_90,50.0,50.0
153384_91,50.0,50.0
153384_93,50.0,50.0
153384_94,50.0,50.0
153384_95,50.0,50.0
153384_96,50.0,50.0
153384_97,50.0,50.0
153384_98,50.0,50.0
153384_99,50.0,50.0
153384_100,50.0,50.0
153384_101,50.0,50.0
153384_103,50.0,50.0
153384_104,50.0,50.0
153384_105,50.0,50.0
153384_106,50.0,50.0
153384_107,50.0,50.0
153384_108,50.0,50.0
153384_109,50.0,50.0
153384_110,50.0,50.0
153384_111,50.0,50.0
153384_113,50.0,50.0
153384_114,50.0,50.0
153384_116,50.0,50.0
153384_117,50.0,50.0
153384_119,50.0,50.0
153385_1,50.0,50.0
153385_2,50.0,50.0
153385_3,50.0,50.0
153385_4,50.0,50.0
153385_5,50.0,50.0
153385_6,50.0,50.0
153385_7,50.0,50.0
153385_8,50.0,50.0
153385_9,50.0,50.0
153385_10,50.0,50.0
153385_11,50.0,50.0
153385_12,50.0,50.0
153385_13,50.0,50.0
153385_16,50.0,50.0
153385_17,50.0,50.0
153385_18,50.0,50.0
153385_19,50.0,50.0
153385_20,50.0,50.0
153385_21,50.0,50.0
153385_22,50.0,50.0
153385_23,50.0,50.0
153385_24,50.0,50.0
153385_25,50.0,50.0
153385_26,50.0,50.0
153385_28,50.0,50.0
153385_30,50.0,50.0
153385_31,50.0,50.0
153385_34,50.0,50.0
153385_35,50.0,50.0
153385_36,50.0,50.0
153385_38,50.0,50.0
153385_39,50.0,50.0
153385_40,50.0,50.0
153385_41,50.0,50.0
153385_42,50.0,50.0
153385_43,50.0,50.0
153385_44,50.0,50.0
153385_45,50.0,50.0
153385_47,50.0,50.0
153385_48,50.0,50.0
153385_49,50.0,50.0
153385_50,50.0,50.0
153385_51,50.0,50.0
153385_52,50.0,50.0
153385_53,50.0,50.0
153385_54,50.0,50.0
153385_55,50.0,50.0
153385_58,50.0,50.0
153385_59,50.0,50.0
153385_60,50.0,50.0
153385_61,50.0,50.0
153385_63,50.0,50.0
153385_64,50.0,50.0
153385_65,50.0,50.0
153385_66,50.0,50.0
153385_67,50.0,50.0
153385_68,50.0,50.0
153385_69,50.0,50.0
153385_70,50.0,50.0
153385_72,50.0,50.0
153385_74,50.0,50.0
153385_75,50.0,50.0
153385_76,50.0,50.0
153385_77,50.0,50.0
153385_79,50.0,50.0
153385_80,50.0,50.0
153385_81,50.0,50.0
153385_82,50.0,50.0
153385_83,50.0,50.0
153385_84,50.0,50.0
153385_89,50.0,50.0
153385_90,50.0,50.0
153386_1,50.0,50.0
153386_2,50.0,50.0
153386_3,50.0,50.0
153386_4,50.0,50.0
153386_5,50.0,50.0
153386_6,50.0,50.0
153386_7,50.0,50.0
153386_8,50.0,50.0
153386_10,50.0,50.0
153386_12,50.0,50.0
153386_13,50.0,50.0
153386_14,50.0,50.0
153386_15,50.0,50.0
153386_16,50.0,50.0
153386_17,50.0,50.0
153386_18,50.0,50.0
153386_20,50.0,50.0
153386_21,50.0,50.0
153386_22,50.0,50.0
153386_23,50.0,50.0
153386_24,50.0,50.0
153386_25,50.0,50.0
153386_26,50.0,50.0
153386_28,50.0,50.0
153386_29,50.0,50.0
153386_31,50.0,50.0
153386_33,50.0,50.0
153386_34,50.0,50.0
153386_35,50.0,50.0
153386_36,50.0,50.0
153386_37,50.0,50.0
153386_38,50.0,50.0
153386_39,50.0,50.0
153386_40,50.0,50.0
153386_41,50.0,50.0
153386_42,50.0,50.0
153386_43,50.0,50.0
153386_44,50.0,50.0
153386_45,50.0,50.0
153386_46,50.0,50.0
153386_47,50.0,50.0
153386_48,50.0,50.0
153386_49,50.0,50.0
153386_50,50.0,50.0
153386_51,50.0,50.0
153386_52,50.0,50.0
153386_53,50.0,50.0
153386_54,50.0,50.0
153386_55,50.0,50.0
153386_56,50.0,50.0
153386_57,50.0,50.0
153386_58,50.0,50.0
153386_59,50.0,50.0
153386_60,50.0,50.0
153386_61,50.0,50.0
153386_62,50.0,50.0
153386_63,50.0,50.0
153386_64,50.0,50.0
153386_66,50.0,50.0
153386_67,50.0,50.0
153386_69,50.0,50.0
153386_70,50.0,50.0
153386_72,50.0,50.0
153386_73,50.0,50.0
153386_74,50.0,50.0
153386_76,50.0,50.0
153386_77,50.0,50.0
153386_78,50.0,50.0
153386_79,50.0,50.0
153386_80,50.0,50.0
153386_81,50.0,50.0
153386_82,50.0,50.0
153387_1,50.0,50.0
153387_2,50.0,50.0
153387_3,50.0,50.0
153387_4,50.0,50.0
153387_5,50.0,50.0
153387_6,50.0,50.0
153387_7,50.0,50.0
153387_8,50.0,50.0
153387_10,50.0,50.0
153387_11,50.0,50.0
153387_12,50.0,50.0
153387_13,50.0,50.0
153387_14,50.0,50.0
153387_15,50.0,50.0
153387_16,50.0,50.0
153387_17,50.0,50.0
153387_18,50.0,50.0
153387_19,50.0,50.0
153387_20,50.0,50.0
153387_21,50.0,50.0
153387_22,50.0,50.0
153387_25,50.0,50.0
153387_26,50.0,50.0
153387_27,50.0,50.0
153387_29,50.0,50.0
153387_30,50.0,50.0
153387_31,50.0,50.0
153387_32,50.0,50.0
153387_33,50.0,50.0
153387_34,50.0,50.0
153387_35,50.0,50.0
153387_36,50.0,50.0
153387_37,50.0,50.0
153387_38,50.0,50.0
153387_39,50.0,50.0
153387_40,50.0,50.0
153387_41,50.0,50.0
153387_42,50.0,50.0
153387_43,50.0,50.0
153387_44,50.0,50.0
153387_45,50.0,50.0
153387_46,50.0,50.0
153387_47,50.0,50.0
153387_48,50.0,50.0
153387_49,50.0,50.0
153387_50,50.0,50.0
153387_51,50.0,50.0
153387_52,50.0,50.0
153387_54,50.0,50.0
153387_55,50.0,50.0
153387_56,50.0,50.0
153387_57,50.0,50.0
153387_58,50.0,50.0
153387_59,50.0,50.0
153387_60,50.0,50.0
153387_61,50.0,50.0
153387_62,50.0,50.0
153387_63,50.0,50.0
153387_64,50.0,50.0
153387_66,50.0,50.0
153387_67,50.0,50.0
153387_68,50.0,50.0
153387_69,50.0,50.0
153387_70,50.0,50.0
153387_71,50.0,50.0
153387_72,50.0,50.0
153387_73,50.0,50.0
153387_74,50.0,50.0
153387_75,50.0,50.0
153387_76,50.0,50.0
153387_77,50.0,50.0
153387_78,50.0,50.0
153387_79,50.0,50.0
153387_80,50.0,50.0
153387_81,50.0,50.0
153387_82,50.0,50.0
153387_83,50.0,50.0
153387_84,50.0,50.0
153387_85,50.0,50.0
153387_86,50.0,50.0
153387_87,50.0,50.0
153387_88,50.0,50.0
153388_1,50.0,50.0
153388_2,50.0,50.0
153388_4,50.0,50.0
153388_5,50.0,50.0
153388_6,50.0,50.0
153388_7,50.0,50.0
153388_8,50.0,50.0
153388_9,50.0,50.0
153388_10,50.0,50.0
153388_11,50.0,50.0
153388_12,50.0,50.0
153388_13,50.0,50.0
153388_14,50.0,50.0
153388_15,50.0,50.0
153388_16,50.0,50.0
153388_17,50.0,50.0
153388_18,50.0,50.0
153388_19,50.0,50.0
153388_20,50.0,50.0
153388_21,50.0,50.0
153388_22,50.0,50.0
153388_23,50.0,50.0
153388_24,50.0,50.0
153388_25,50.0,50.0
153388_26,50.0,50.0
153388_27,50.0,50.0
153388_28,50.0,50.0
153388_29,50.0,50.0
153388_32,50.0,50.0
153388_33,50.0,50.0
153388_34,50.0,50.0
153388_35,50.0,50.0
153388_36,50.0,50.0
153388_37,50.0,50.0
153388_38,50.0,50.0
153388_39,50.0,50.0
153388_40,50.0,50.0
153388_41,50.0,50.0
153388_42,50.0,50.0
153388_43,50.0,50.0
153388_44,50.0,50.0
153388_45,50.0,50.0
153388_46,50.0,50.0
153388_47,50.0,50.0
153388_48,50.0,50.0
153388_49,50.0,50.0
153388_50,50.0,50.0
153388_51,50.0,50.0
153388_52,50.0,50.0
153388_54,50.0,50.0
153388_55,50.0,50.0
153388_56,50.0,50.0
153388_57,50.0,50.0
153388_59,50.0,50.0
153388_60,50.0,50.0
153388_61,50.0,50.0
153388_62,50.0,50.0
153388_63,50.0,50.0
153388_64,50.0,50.0
153388_65,50.0,50.0
153388_66,50.0,50.0
153388_67,50.0,50.0
153388_68,50.0,50.0
153388_69,50.0,50.0
153388_70,50.0,50.0
153388_71,50.0,50.0
153388_72,50.0,50.0
153388_73,50.0,50.0
153388_74,50.0,50.0
153388_75,50.0,50.0
153388_78,50.0,50.0
153388_79,50.0,50.0
153388_80,50.0,50.0
153388_81,50.0,50.0
153388_82,50.0,50.0
153389_1,50.0,50.0
153389_2,50.0,50.0
153389_3,50.0,50.0
153389_4,50.0,50.0
153389_5,50.0,50.0
153389_6,50.0,50.0
153389_8,50.0,50.0
153389_9,50.0,50.0
153389_10,50.0,50.0
153389_11,50.0,50.0
153389_12,50.0,50.0
153389_13,50.0,50.0
153389_14,50.0,50.0
153389_15,50.0,50.0
153389_16,50.0,50.0
153389_17,50.0,50.0
153389_18,50.0,50.0
153389_19,50.0,50.0
153389_21,50.0,50.0
153389_22,50.0,50.0
153389_23,50.0,50.0
153389_24,50.0,50.0
153389_25,50.0,50.0
153389_26,50.0,50.0
153389_27,50.0,50.0
153389_28,50.0,50.0
153389_29,50.0,50.0
153389_30,50.0,50.0
153389_31,50.0,50.0
153389_32,50.0,50.0
153389_33,50.0,50.0
153389_34,50.0,50.0
153389_35,50.0,50.0
153389_36,50.0,50.0
153389_37,50.0,50.0
153389_38,50.0,50.0
153389_39,50.0,50.0
153389_40,50.0,50.0
153389_41,50.0,50.0
153389_42,50.0,50.0
153389_43,50.0,50.0
153389_45,50.0,50.0
153389_47,50.0,50.0
153389_48,50.0,50.0
153389_50,50.0,50.0
153389_51,50.0,50.0
153389_52,50.0,50.0
153389_53,50.0,50.0
153389_54,50.0,50.0
153389_55,50.0,50.0
153389_57,50.0,50.0
153389_58,50.0,50.0
153389_60,50.0,50.0
153389_61,50.0,50.0
153389_62,50.0,50.0
153389_63,50.0,50.0
153389_64,50.0,50.0
153389_65,50.0,50.0
153389_66,50.0,50.0
153389_67,50.0,50.0
153389_68,50.0,50.0
153389_69,50.0,50.0
153389_70,50.0,50.0
153389_71,50.0,50.0
153389_72,50.0,50.0
153389_73,50.0,50.0
153389_75,50.0,50.0
153389_76,50.0,50.0
153389_78,50.0,50.0
153389_80,50.0,50.0
153389_81,50.0,50.0
153389_82,50.0,50.0
153390_1,50.0,50.0
153390_2,50.0,50.0
153390_3,50.0,50.0
153390_4,50.0,50.0
153390_5,50.0,50.0
153390_6,50.0,50.0
153390_7,50.0,50.0
153390_8,50.0,50.0
153390_9,50.0,50.0
153390_10,50.0,50.0
153390_11,50.0,50.0
153390_12,50.0,50.0
153390_13,50.0,50.0
153390_14,50.0,50.0
153390_15,50.0,50.0
153390_16,50.0,50.0
153390_17,50.0,50.0
153390_18,50.0,50.0
153390_19,50.0,50.0
153390_20,50.0,50.0
153390_21,50.0,50.0
153390_22,50.0,50.0
153390_24,50.0,50.0
153390_26,50.0,50.0
153390_27,50.0,50.0
153390_28,50.0,50.0
153390_29,50.0,50.0
153390_30,50.0,50.0
153390_31,50.0,50.0
153390_32,50.0,50.0
153390_33,50.0,50.0
153390_34,50.0,50.0
153390_35,50.0,50.0
153390_36,50.0,50.0
153390_37,50.0,50.0
153390_38,50.0,50.0
153390_39,50.0,50.0
153390_40,50.0,50.0
153390_41,50.0,50.0
153390_42,50.0,50.0
153390_43,50.0,50.0
153390_44,50.0,50.0
153390_45,50.0,50.0
153390_46,50.0,50.0
153390_47,50.0,50.0
153390_48,50.0,50.0
153390_49,50.0,50.0
153390_50,50.0,50.0
153390_51,50.0,50.0
153390_52,50.0,50.0
153390_53,50.0,50.0
153390_56,50.0,50.0
153390_59,50.0,50.0
153390_60,50.0,50.0
153390_61,50.0,50.0
153390_62,50.0,50.0
153390_63,50.0,50.0
153390_64,50.0,50.0
153390_65,50.0,50.0
153390_66,50.0,50.0
153390_67,50.0,50.0
153390_68,50.0,50.0
153390_69,50.0,50.0
153390_71,50.0,50.0
153390_72,50.0,50.0
153390_73,50.0,50.0
153390_74,50.0,50.0
153390_75,50.0,50.0
153390_76,50.0,50.0
153390_77,50.0,50.0
153390_78,50.0,50.0
153390_80,50.0,50.0
153390_81,50.0,50.0
153390_82,50.0,50.0
153390_83,50.0,50.0
153390_84,50.0,50.0
153390_86,50.0,50.0
153391_1,50.0,50.0
153391_2,50.0,50.0
153391_3,50.0,50.0
153391_5,50.0,50.0
153391_6,50.0,50.0
153391_9,50.0,50.0
153391_10,50.0,50.0
153391_11,50.0,50.0
153391_12,50.0,50.0
153391_13,50.0,50.0
153391_14,50.0,50.0
153391_15,50.0,50.0
153391_16,50.0,50.0
153391_17,50.0,50.0
153391_18,50.0,50.0
153391_19,50.0,50.0
153391_20,50.0,50.0
153391_21,50.0,50.0
153391_22,50.0,50.0
153391_24,50.0,50.0
153391_26,50.0,50.0
153391_27,50.0,50.0
153391_28,50.0,50.0
153391_29,50.0,50.0
153391_30,50.0,50.0
153391_31,50.0,50.0
153391_32,50.0,50.0
153391_33,50.0,50.0
153391_34,50.0,50.0
153391_35,50.0,50.0
153391_36,50.0,50.0
153391_37,50.0,50.0
153391_38,50.0,50.0
153391_39,50.0,50.0
153391_40,50.0,50.0
153391_41,50.0,50.0
153391_42,50.0,50.0
153391_43,50.0,50.0
153391_44,50.0,50.0
153391_45,50.0,50.0
153391_46,50.0,50.0
153391_47,50.0,50.0
153391_48,50.0,50.0
153391_49,50.0,50.0
153391_50,50.0,50.0
153391_51,50.0,50.0
153391_52,50.0,50.0
153391_53,50.0,50.0
153391_54,50.0,50.0
153391_55,50.0,50.0
153391_56,50.0,50.0
153391_57,50.0,50.0
153391_58,50.0,50.0
153391_59,50.0,50.0
153391_60,50.0,50.0
153391_61,50.0,50.0
153391_63,50.0,50.0
153391_64,50.0,50.0
153391_65,50.0,50.0
153391_66,50.0,50.0
153391_68,50.0,50.0
153391_69,50.0,50.0
153391_70,50.0,50.0
153391_71,50.0,50.0
153391_72,50.0,50.0
153391_73,50.0,50.0
153391_76,50.0,50.0
153391_77,50.0,50.0
153391_78,50.0,50.0
153391_79,50.0,50.0
153391_80,50.0,50.0
153391_81,50.0,50.0
153391_82,50.0,50.0
153391_83,50.0,50.0
153391_85,50.0,50.0
153391_86,50.0,50.0
153392_1,50.0,50.0
153392_2,50.0,50.0
153392_3,50.0,50.0
153392_4,50.0,50.0
153392_5,50.0,50.0
153392_6,50.0,50.0
153392_7,50.0,50.0
153392_8,50.0,50.0
153392_10,50.0,50.0
153392_11,50.0,50.0
153392_13,50.0,50.0
153392_14,50.0,50.0
153392_15,50.0,50.0
153392_17,50.0,50.0
153392_18,50.0,50.0
153392_20,50.0,50.0
153392_21,50.0,50.0
153392_22,50.0,50.0
153392_23,50.0,50.0
153392_24,50.0,50.0
153392_25,50.0,50.0
153392_26,50.0,50.0
153392_27,50.0,50.0
153392_29,50.0,50.0
153392_30,50.0,50.0
153392_32,50.0,50.0
153392_33,50.0,50.0
153392_34,50.0,50.0
153392_35,50.0,50.0
153392_36,50.0,50.0
153392_37,50.0,50.0
153392_38,50.0,50.0
153392_39,50.0,50.0
153392_40,50.0,50.0
153392_41,50.0,50.0
153392_44,50.0,50.0
153392_45,50.0,50.0
153392_46,50.0,50.0
153392_47,50.0,50.0
153392_48,50.0,50.0
153392_49,50.0,50.0
153392_50,50.0,50.0
153392_52,50.0,50.0
153392_53,50.0,50.0
153392_54,50.0,50.0
153392_55,50.0,50.0
153392_56,50.0,50.0
153392_57,50.0,50.0
153392_59,50.0,50.0
153392_60,50.0,50.0
153392_62,50.0,50.0
153392_63,50.0,50.0
153392_64,50.0,50.0
153392_65,50.0,50.0
153392_66,50.0,50.0
153392_67,50.0,50.0
153392_68,50.0,50.0
153392_71,50.0,50.0
153392_72,50.0,50.0
153392_73,50.0,50.0
153392_74,50.0,50.0
153392_75,50.0,50.0
153392_76,50.0,50.0
153392_77,50.0,50.0
153392_78,50.0,50.0
153392_79,50.0,50.0
153392_80,50.0,50.0
153392_81,50.0,50.0
153392_82,50.0,50.0
153392_83,50.0,50.0
153392_84,50.0,50.0
153392_85,50.0,50.0
153392_86,50.0,50.0
153392_87,50.0,50.0
153392_89,50.0,50.0
153392_90,50.0,50.0
153392_91,50.0,50.0
153392_92,50.0,50.0
153392_93,50.0,50.0
153392_95,50.0,50.0
153392_96,50.0,50.0
153392_97,50.0,50.0
153392_98,50.0,50.0
153392_99,50.0,50.0
153392_100,50.0,50.0
153392_102,50.0,50.0
153392_103,50.0,50.0
153392_104,50.0,50.0
153392_105,50.0,50.0
153392_106,50.0,50.0
153392_107,50.0,50.0
153392_108,50.0,50.0
